,link
0,https://www.cnbc.com/2023/04/20/what-ukraines-declining-grain-production-means-for-global-food-trade.html
1,https://www.livemint.com/news/india/apple-saket-vs-apple-bkc-5-key-differences-between-the-two-stores-11681957690624.html
2,https://nypost.com/2023/04/19/ja-morant-less-grizzlies-beat-lakers-in-game-2-to-even-series/
3,https://www.livemint.com/news/india/ipl-2023-pbks-vs-rcb-will-virat-kohli-lead-orange-cap-race-today-match-preview-key-players-where-and-when-to-watch-11681967333608.html
4,https://www.livemint.com/news/india/india-sees-another-rise-in-infections-with-12-591-new-covid-in-24-hrs-11681963142096.html
5,https://www.mirror.co.uk/3am/us-celebrity-news/breaking-frank-ocean-pulls-out-29758485
6,https://www.livemint.com/news/india/sachin-jokes-about-arjun-tendulkar-s-maiden-ipl-wicket-gives-mi-player-of-the-match-award-to-son-11681969769770.html
7,https://nypost.com/2023/04/19/manhattan-da-investigating-parking-garage-collapse-caused-by-too-many-cars-on-98-year-old-buildings-top-floor/
8,https://www.mirror.co.uk/3am/celebrity-news/live-paul-ogrady-funeral-fans-29758630
9,https://www.npr.org/2023/04/20/1170986176/solar-eclipse-australia-indonesia
10,https://www.cnbc.com/2023/04/20/what-ukraines-declining-grain-production-means-for-global-food-trade.html
11,https://www.livemint.com/news/india/apple-saket-vs-apple-bkc-5-key-differences-between-the-two-stores-11681957690624.html
12,https://nypost.com/2023/04/19/ja-morant-less-grizzlies-beat-lakers-in-game-2-to-even-series/
13,https://www.livemint.com/news/india/ipl-2023-pbks-vs-rcb-will-virat-kohli-lead-orange-cap-race-today-match-preview-key-players-where-and-when-to-watch-11681967333608.html
14,https://www.livemint.com/news/india/india-sees-another-rise-in-infections-with-12-591-new-covid-in-24-hrs-11681963142096.html
15,https://www.mirror.co.uk/3am/us-celebrity-news/breaking-frank-ocean-pulls-out-29758485
16,https://www.livemint.com/news/india/sachin-jokes-about-arjun-tendulkar-s-maiden-ipl-wicket-gives-mi-player-of-the-match-award-to-son-11681969769770.html
17,https://nypost.com/2023/04/19/manhattan-da-investigating-parking-garage-collapse-caused-by-too-many-cars-on-98-year-old-buildings-top-floor/
18,https://www.mirror.co.uk/3am/celebrity-news/live-paul-ogrady-funeral-fans-29758630
19,https://www.npr.org/2023/04/20/1170986176/solar-eclipse-australia-indonesia
20,https://www.cnbc.com/2023/04/20/what-ukraines-declining-grain-production-means-for-global-food-trade.html
21,https://www.livemint.com/news/india/apple-saket-vs-apple-bkc-5-key-differences-between-the-two-stores-11681957690624.html
22,https://nypost.com/2023/04/19/ja-morant-less-grizzlies-beat-lakers-in-game-2-to-even-series/
23,https://www.livemint.com/news/india/ipl-2023-pbks-vs-rcb-will-virat-kohli-lead-orange-cap-race-today-match-preview-key-players-where-and-when-to-watch-11681967333608.html
24,https://www.livemint.com/news/india/india-sees-another-rise-in-infections-with-12-591-new-covid-in-24-hrs-11681963142096.html
25,https://www.mirror.co.uk/3am/us-celebrity-news/breaking-frank-ocean-pulls-out-29758485
26,https://www.livemint.com/news/india/sachin-jokes-about-arjun-tendulkar-s-maiden-ipl-wicket-gives-mi-player-of-the-match-award-to-son-11681969769770.html
27,https://nypost.com/2023/04/19/manhattan-da-investigating-parking-garage-collapse-caused-by-too-many-cars-on-98-year-old-buildings-top-floor/
28,https://www.mirror.co.uk/3am/celebrity-news/live-paul-ogrady-funeral-fans-29758630
29,https://www.npr.org/2023/04/20/1170986176/solar-eclipse-australia-indonesia
30,https://www.cnbc.com/2023/04/20/what-ukraines-declining-grain-production-means-for-global-food-trade.html
31,https://www.livemint.com/news/india/apple-saket-vs-apple-bkc-5-key-differences-between-the-two-stores-11681957690624.html
32,https://nypost.com/2023/04/19/ja-morant-less-grizzlies-beat-lakers-in-game-2-to-even-series/
33,https://www.livemint.com/news/india/ipl-2023-pbks-vs-rcb-will-virat-kohli-lead-orange-cap-race-today-match-preview-key-players-where-and-when-to-watch-11681967333608.html
34,https://www.livemint.com/news/india/india-sees-another-rise-in-infections-with-12-591-new-covid-in-24-hrs-11681963142096.html
35,https://www.mirror.co.uk/3am/us-celebrity-news/breaking-frank-ocean-pulls-out-29758485
36,https://www.livemint.com/news/india/sachin-jokes-about-arjun-tendulkar-s-maiden-ipl-wicket-gives-mi-player-of-the-match-award-to-son-11681969769770.html
37,https://nypost.com/2023/04/19/manhattan-da-investigating-parking-garage-collapse-caused-by-too-many-cars-on-98-year-old-buildings-top-floor/
38,https://www.mirror.co.uk/3am/celebrity-news/live-paul-ogrady-funeral-fans-29758630
39,https://www.npr.org/2023/04/20/1170986176/solar-eclipse-australia-indonesia
40,https://www.cnbc.com/2023/04/20/what-ukraines-declining-grain-production-means-for-global-food-trade.html
41,https://www.livemint.com/news/india/apple-saket-vs-apple-bkc-5-key-differences-between-the-two-stores-11681957690624.html
42,https://nypost.com/2023/04/19/ja-morant-less-grizzlies-beat-lakers-in-game-2-to-even-series/
43,https://www.livemint.com/news/india/ipl-2023-pbks-vs-rcb-will-virat-kohli-lead-orange-cap-race-today-match-preview-key-players-where-and-when-to-watch-11681967333608.html
44,https://www.livemint.com/news/india/india-sees-another-rise-in-infections-with-12-591-new-covid-in-24-hrs-11681963142096.html
45,https://www.mirror.co.uk/3am/us-celebrity-news/breaking-frank-ocean-pulls-out-29758485
46,https://www.livemint.com/news/india/sachin-jokes-about-arjun-tendulkar-s-maiden-ipl-wicket-gives-mi-player-of-the-match-award-to-son-11681969769770.html
47,https://nypost.com/2023/04/19/manhattan-da-investigating-parking-garage-collapse-caused-by-too-many-cars-on-98-year-old-buildings-top-floor/
48,https://www.mirror.co.uk/3am/celebrity-news/live-paul-ogrady-funeral-fans-29758630
49,https://www.npr.org/2023/04/20/1170986176/solar-eclipse-australia-indonesia
50,https://www.cnbc.com/2023/04/20/what-ukraines-declining-grain-production-means-for-global-food-trade.html
51,https://www.livemint.com/news/india/apple-saket-vs-apple-bkc-5-key-differences-between-the-two-stores-11681957690624.html
52,https://nypost.com/2023/04/19/ja-morant-less-grizzlies-beat-lakers-in-game-2-to-even-series/
53,https://www.livemint.com/news/india/ipl-2023-pbks-vs-rcb-will-virat-kohli-lead-orange-cap-race-today-match-preview-key-players-where-and-when-to-watch-11681967333608.html
54,https://www.livemint.com/news/india/india-sees-another-rise-in-infections-with-12-591-new-covid-in-24-hrs-11681963142096.html
55,https://www.mirror.co.uk/3am/us-celebrity-news/breaking-frank-ocean-pulls-out-29758485
56,https://www.livemint.com/news/india/sachin-jokes-about-arjun-tendulkar-s-maiden-ipl-wicket-gives-mi-player-of-the-match-award-to-son-11681969769770.html
57,https://nypost.com/2023/04/19/manhattan-da-investigating-parking-garage-collapse-caused-by-too-many-cars-on-98-year-old-buildings-top-floor/
58,https://www.mirror.co.uk/3am/celebrity-news/live-paul-ogrady-funeral-fans-29758630
59,https://www.npr.org/2023/04/20/1170986176/solar-eclipse-australia-indonesia
60,https://www.cnbc.com/2023/04/20/what-ukraines-declining-grain-production-means-for-global-food-trade.html
61,https://www.livemint.com/news/india/apple-saket-vs-apple-bkc-5-key-differences-between-the-two-stores-11681957690624.html
62,https://nypost.com/2023/04/19/ja-morant-less-grizzlies-beat-lakers-in-game-2-to-even-series/
63,https://www.livemint.com/news/india/ipl-2023-pbks-vs-rcb-will-virat-kohli-lead-orange-cap-race-today-match-preview-key-players-where-and-when-to-watch-11681967333608.html
64,https://www.livemint.com/news/india/india-sees-another-rise-in-infections-with-12-591-new-covid-in-24-hrs-11681963142096.html
65,https://www.mirror.co.uk/3am/us-celebrity-news/breaking-frank-ocean-pulls-out-29758485
66,https://www.livemint.com/news/india/sachin-jokes-about-arjun-tendulkar-s-maiden-ipl-wicket-gives-mi-player-of-the-match-award-to-son-11681969769770.html
67,https://nypost.com/2023/04/19/manhattan-da-investigating-parking-garage-collapse-caused-by-too-many-cars-on-98-year-old-buildings-top-floor/
68,https://www.mirror.co.uk/3am/celebrity-news/live-paul-ogrady-funeral-fans-29758630
69,https://www.npr.org/2023/04/20/1170986176/solar-eclipse-australia-indonesia
70,https://www.cnbc.com/2023/04/20/what-ukraines-declining-grain-production-means-for-global-food-trade.html
71,https://www.livemint.com/news/india/apple-saket-vs-apple-bkc-5-key-differences-between-the-two-stores-11681957690624.html
72,https://nypost.com/2023/04/19/ja-morant-less-grizzlies-beat-lakers-in-game-2-to-even-series/
73,https://www.livemint.com/news/india/ipl-2023-pbks-vs-rcb-will-virat-kohli-lead-orange-cap-race-today-match-preview-key-players-where-and-when-to-watch-11681967333608.html
74,https://www.livemint.com/news/india/india-sees-another-rise-in-infections-with-12-591-new-covid-in-24-hrs-11681963142096.html
75,https://www.mirror.co.uk/3am/us-celebrity-news/breaking-frank-ocean-pulls-out-29758485
76,https://www.livemint.com/news/india/sachin-jokes-about-arjun-tendulkar-s-maiden-ipl-wicket-gives-mi-player-of-the-match-award-to-son-11681969769770.html
77,https://nypost.com/2023/04/19/manhattan-da-investigating-parking-garage-collapse-caused-by-too-many-cars-on-98-year-old-buildings-top-floor/
78,https://www.mirror.co.uk/3am/celebrity-news/live-paul-ogrady-funeral-fans-29758630
79,https://www.npr.org/2023/04/20/1170986176/solar-eclipse-australia-indonesia
80,https://www.cnbc.com/2023/04/20/what-ukraines-declining-grain-production-means-for-global-food-trade.html
81,https://www.livemint.com/news/india/apple-saket-vs-apple-bkc-5-key-differences-between-the-two-stores-11681957690624.html
82,https://nypost.com/2023/04/19/ja-morant-less-grizzlies-beat-lakers-in-game-2-to-even-series/
83,https://www.livemint.com/news/india/ipl-2023-pbks-vs-rcb-will-virat-kohli-lead-orange-cap-race-today-match-preview-key-players-where-and-when-to-watch-11681967333608.html
84,https://www.livemint.com/news/india/india-sees-another-rise-in-infections-with-12-591-new-covid-in-24-hrs-11681963142096.html
85,https://www.mirror.co.uk/3am/us-celebrity-news/breaking-frank-ocean-pulls-out-29758485
86,https://www.livemint.com/news/india/sachin-jokes-about-arjun-tendulkar-s-maiden-ipl-wicket-gives-mi-player-of-the-match-award-to-son-11681969769770.html
87,https://nypost.com/2023/04/19/manhattan-da-investigating-parking-garage-collapse-caused-by-too-many-cars-on-98-year-old-buildings-top-floor/
88,https://www.mirror.co.uk/3am/celebrity-news/live-paul-ogrady-funeral-fans-29758630
89,https://www.npr.org/2023/04/20/1170986176/solar-eclipse-australia-indonesia
90,https://www.cnbc.com/2023/04/20/what-ukraines-declining-grain-production-means-for-global-food-trade.html
91,https://www.livemint.com/news/india/apple-saket-vs-apple-bkc-5-key-differences-between-the-two-stores-11681957690624.html
92,https://nypost.com/2023/04/19/ja-morant-less-grizzlies-beat-lakers-in-game-2-to-even-series/
93,https://www.livemint.com/news/india/ipl-2023-pbks-vs-rcb-will-virat-kohli-lead-orange-cap-race-today-match-preview-key-players-where-and-when-to-watch-11681967333608.html
94,https://www.livemint.com/news/india/india-sees-another-rise-in-infections-with-12-591-new-covid-in-24-hrs-11681963142096.html
95,https://www.mirror.co.uk/3am/us-celebrity-news/breaking-frank-ocean-pulls-out-29758485
96,https://www.livemint.com/news/india/sachin-jokes-about-arjun-tendulkar-s-maiden-ipl-wicket-gives-mi-player-of-the-match-award-to-son-11681969769770.html
97,https://nypost.com/2023/04/19/manhattan-da-investigating-parking-garage-collapse-caused-by-too-many-cars-on-98-year-old-buildings-top-floor/
98,https://www.mirror.co.uk/3am/celebrity-news/live-paul-ogrady-funeral-fans-29758630
99,https://www.npr.org/2023/04/20/1170986176/solar-eclipse-australia-indonesia
100,https://www.cnbc.com/2023/04/20/what-ukraines-declining-grain-production-means-for-global-food-trade.html
101,https://www.livemint.com/news/india/apple-saket-vs-apple-bkc-5-key-differences-between-the-two-stores-11681957690624.html
102,https://nypost.com/2023/04/19/ja-morant-less-grizzlies-beat-lakers-in-game-2-to-even-series/
103,https://www.livemint.com/news/india/ipl-2023-pbks-vs-rcb-will-virat-kohli-lead-orange-cap-race-today-match-preview-key-players-where-and-when-to-watch-11681967333608.html
104,https://www.livemint.com/news/india/india-sees-another-rise-in-infections-with-12-591-new-covid-in-24-hrs-11681963142096.html
105,https://www.mirror.co.uk/3am/us-celebrity-news/breaking-frank-ocean-pulls-out-29758485
106,https://www.livemint.com/news/india/sachin-jokes-about-arjun-tendulkar-s-maiden-ipl-wicket-gives-mi-player-of-the-match-award-to-son-11681969769770.html
107,https://nypost.com/2023/04/19/manhattan-da-investigating-parking-garage-collapse-caused-by-too-many-cars-on-98-year-old-buildings-top-floor/
108,https://www.mirror.co.uk/3am/celebrity-news/live-paul-ogrady-funeral-fans-29758630
109,https://www.npr.org/2023/04/20/1170986176/solar-eclipse-australia-indonesia
110,https://www.cnbc.com/2023/04/20/what-ukraines-declining-grain-production-means-for-global-food-trade.html
111,https://www.livemint.com/news/india/apple-saket-vs-apple-bkc-5-key-differences-between-the-two-stores-11681957690624.html
112,https://nypost.com/2023/04/19/ja-morant-less-grizzlies-beat-lakers-in-game-2-to-even-series/
113,https://www.livemint.com/news/india/ipl-2023-pbks-vs-rcb-will-virat-kohli-lead-orange-cap-race-today-match-preview-key-players-where-and-when-to-watch-11681967333608.html
114,https://www.livemint.com/news/india/india-sees-another-rise-in-infections-with-12-591-new-covid-in-24-hrs-11681963142096.html
115,https://www.mirror.co.uk/3am/us-celebrity-news/breaking-frank-ocean-pulls-out-29758485
116,https://www.livemint.com/news/india/sachin-jokes-about-arjun-tendulkar-s-maiden-ipl-wicket-gives-mi-player-of-the-match-award-to-son-11681969769770.html
117,https://nypost.com/2023/04/19/manhattan-da-investigating-parking-garage-collapse-caused-by-too-many-cars-on-98-year-old-buildings-top-floor/
118,https://www.mirror.co.uk/3am/celebrity-news/live-paul-ogrady-funeral-fans-29758630
119,https://www.npr.org/2023/04/20/1170986176/solar-eclipse-australia-indonesia
120,https://www.cnbc.com/2023/04/20/what-ukraines-declining-grain-production-means-for-global-food-trade.html
121,https://www.livemint.com/news/india/apple-saket-vs-apple-bkc-5-key-differences-between-the-two-stores-11681957690624.html
122,https://nypost.com/2023/04/19/ja-morant-less-grizzlies-beat-lakers-in-game-2-to-even-series/
123,https://www.livemint.com/news/india/ipl-2023-pbks-vs-rcb-will-virat-kohli-lead-orange-cap-race-today-match-preview-key-players-where-and-when-to-watch-11681967333608.html
124,https://www.livemint.com/news/india/india-sees-another-rise-in-infections-with-12-591-new-covid-in-24-hrs-11681963142096.html
125,https://www.mirror.co.uk/3am/us-celebrity-news/breaking-frank-ocean-pulls-out-29758485
126,https://www.livemint.com/news/india/sachin-jokes-about-arjun-tendulkar-s-maiden-ipl-wicket-gives-mi-player-of-the-match-award-to-son-11681969769770.html
127,https://nypost.com/2023/04/19/manhattan-da-investigating-parking-garage-collapse-caused-by-too-many-cars-on-98-year-old-buildings-top-floor/
128,https://www.mirror.co.uk/3am/celebrity-news/live-paul-ogrady-funeral-fans-29758630
129,https://www.npr.org/2023/04/20/1170986176/solar-eclipse-australia-indonesia
130,https://www.cnbc.com/2023/04/20/what-ukraines-declining-grain-production-means-for-global-food-trade.html
131,https://www.livemint.com/news/india/apple-saket-vs-apple-bkc-5-key-differences-between-the-two-stores-11681957690624.html
132,https://nypost.com/2023/04/19/ja-morant-less-grizzlies-beat-lakers-in-game-2-to-even-series/
133,https://www.livemint.com/news/india/ipl-2023-pbks-vs-rcb-will-virat-kohli-lead-orange-cap-race-today-match-preview-key-players-where-and-when-to-watch-11681967333608.html
134,https://www.livemint.com/news/india/india-sees-another-rise-in-infections-with-12-591-new-covid-in-24-hrs-11681963142096.html
135,https://www.mirror.co.uk/3am/us-celebrity-news/breaking-frank-ocean-pulls-out-29758485
136,https://www.livemint.com/news/india/sachin-jokes-about-arjun-tendulkar-s-maiden-ipl-wicket-gives-mi-player-of-the-match-award-to-son-11681969769770.html
137,https://nypost.com/2023/04/19/manhattan-da-investigating-parking-garage-collapse-caused-by-too-many-cars-on-98-year-old-buildings-top-floor/
138,https://www.mirror.co.uk/3am/celebrity-news/live-paul-ogrady-funeral-fans-29758630
139,https://www.npr.org/2023/04/20/1170986176/solar-eclipse-australia-indonesia
140,https://www.cnbc.com/2023/04/20/what-ukraines-declining-grain-production-means-for-global-food-trade.html
141,https://www.livemint.com/news/india/apple-saket-vs-apple-bkc-5-key-differences-between-the-two-stores-11681957690624.html
142,https://nypost.com/2023/04/19/ja-morant-less-grizzlies-beat-lakers-in-game-2-to-even-series/
143,https://www.livemint.com/news/india/ipl-2023-pbks-vs-rcb-will-virat-kohli-lead-orange-cap-race-today-match-preview-key-players-where-and-when-to-watch-11681967333608.html
144,https://www.livemint.com/news/india/india-sees-another-rise-in-infections-with-12-591-new-covid-in-24-hrs-11681963142096.html
145,https://www.mirror.co.uk/3am/us-celebrity-news/breaking-frank-ocean-pulls-out-29758485
146,https://www.livemint.com/news/india/sachin-jokes-about-arjun-tendulkar-s-maiden-ipl-wicket-gives-mi-player-of-the-match-award-to-son-11681969769770.html
147,https://nypost.com/2023/04/19/manhattan-da-investigating-parking-garage-collapse-caused-by-too-many-cars-on-98-year-old-buildings-top-floor/
148,https://www.mirror.co.uk/3am/celebrity-news/live-paul-ogrady-funeral-fans-29758630
149,https://www.npr.org/2023/04/20/1170986176/solar-eclipse-australia-indonesia
150,https://www.cnbc.com/2023/04/20/what-ukraines-declining-grain-production-means-for-global-food-trade.html
151,https://www.livemint.com/news/india/apple-saket-vs-apple-bkc-5-key-differences-between-the-two-stores-11681957690624.html
152,https://nypost.com/2023/04/19/ja-morant-less-grizzlies-beat-lakers-in-game-2-to-even-series/
153,https://www.livemint.com/news/india/ipl-2023-pbks-vs-rcb-will-virat-kohli-lead-orange-cap-race-today-match-preview-key-players-where-and-when-to-watch-11681967333608.html
154,https://www.livemint.com/news/india/india-sees-another-rise-in-infections-with-12-591-new-covid-in-24-hrs-11681963142096.html
155,https://www.mirror.co.uk/3am/us-celebrity-news/breaking-frank-ocean-pulls-out-29758485
156,https://www.livemint.com/news/india/sachin-jokes-about-arjun-tendulkar-s-maiden-ipl-wicket-gives-mi-player-of-the-match-award-to-son-11681969769770.html
157,https://nypost.com/2023/04/19/manhattan-da-investigating-parking-garage-collapse-caused-by-too-many-cars-on-98-year-old-buildings-top-floor/
158,https://www.mirror.co.uk/3am/celebrity-news/live-paul-ogrady-funeral-fans-29758630
159,https://www.npr.org/2023/04/20/1170986176/solar-eclipse-australia-indonesia
160,https://www.cnbc.com/2023/04/20/what-ukraines-declining-grain-production-means-for-global-food-trade.html
161,https://www.livemint.com/news/india/apple-saket-vs-apple-bkc-5-key-differences-between-the-two-stores-11681957690624.html
162,https://nypost.com/2023/04/19/ja-morant-less-grizzlies-beat-lakers-in-game-2-to-even-series/
163,https://www.livemint.com/news/india/ipl-2023-pbks-vs-rcb-will-virat-kohli-lead-orange-cap-race-today-match-preview-key-players-where-and-when-to-watch-11681967333608.html
164,https://www.livemint.com/news/india/india-sees-another-rise-in-infections-with-12-591-new-covid-in-24-hrs-11681963142096.html
165,https://www.mirror.co.uk/3am/us-celebrity-news/breaking-frank-ocean-pulls-out-29758485
166,https://www.livemint.com/news/india/sachin-jokes-about-arjun-tendulkar-s-maiden-ipl-wicket-gives-mi-player-of-the-match-award-to-son-11681969769770.html
167,https://nypost.com/2023/04/19/manhattan-da-investigating-parking-garage-collapse-caused-by-too-many-cars-on-98-year-old-buildings-top-floor/
168,https://www.mirror.co.uk/3am/celebrity-news/live-paul-ogrady-funeral-fans-29758630
169,https://www.npr.org/2023/04/20/1170986176/solar-eclipse-australia-indonesia
170,https://www.cnbc.com/2023/04/20/what-ukraines-declining-grain-production-means-for-global-food-trade.html
171,https://www.livemint.com/news/india/apple-saket-vs-apple-bkc-5-key-differences-between-the-two-stores-11681957690624.html
172,https://nypost.com/2023/04/19/ja-morant-less-grizzlies-beat-lakers-in-game-2-to-even-series/
173,https://www.livemint.com/news/india/ipl-2023-pbks-vs-rcb-will-virat-kohli-lead-orange-cap-race-today-match-preview-key-players-where-and-when-to-watch-11681967333608.html
174,https://www.livemint.com/news/india/india-sees-another-rise-in-infections-with-12-591-new-covid-in-24-hrs-11681963142096.html
175,https://www.mirror.co.uk/3am/us-celebrity-news/breaking-frank-ocean-pulls-out-29758485
176,https://www.livemint.com/news/india/sachin-jokes-about-arjun-tendulkar-s-maiden-ipl-wicket-gives-mi-player-of-the-match-award-to-son-11681969769770.html
177,https://nypost.com/2023/04/19/manhattan-da-investigating-parking-garage-collapse-caused-by-too-many-cars-on-98-year-old-buildings-top-floor/
178,https://www.mirror.co.uk/3am/celebrity-news/live-paul-ogrady-funeral-fans-29758630
179,https://www.npr.org/2023/04/20/1170986176/solar-eclipse-australia-indonesia
180,https://www.cnbc.com/2023/04/20/what-ukraines-declining-grain-production-means-for-global-food-trade.html
181,https://www.livemint.com/news/india/apple-saket-vs-apple-bkc-5-key-differences-between-the-two-stores-11681957690624.html
182,https://nypost.com/2023/04/19/ja-morant-less-grizzlies-beat-lakers-in-game-2-to-even-series/
183,https://www.livemint.com/news/india/ipl-2023-pbks-vs-rcb-will-virat-kohli-lead-orange-cap-race-today-match-preview-key-players-where-and-when-to-watch-11681967333608.html
184,https://www.livemint.com/news/india/india-sees-another-rise-in-infections-with-12-591-new-covid-in-24-hrs-11681963142096.html
185,https://www.mirror.co.uk/3am/us-celebrity-news/breaking-frank-ocean-pulls-out-29758485
186,https://www.livemint.com/news/india/sachin-jokes-about-arjun-tendulkar-s-maiden-ipl-wicket-gives-mi-player-of-the-match-award-to-son-11681969769770.html
187,https://nypost.com/2023/04/19/manhattan-da-investigating-parking-garage-collapse-caused-by-too-many-cars-on-98-year-old-buildings-top-floor/
188,https://www.mirror.co.uk/3am/celebrity-news/live-paul-ogrady-funeral-fans-29758630
189,https://www.npr.org/2023/04/20/1170986176/solar-eclipse-australia-indonesia
190,https://www.cnbc.com/2023/04/20/what-ukraines-declining-grain-production-means-for-global-food-trade.html
191,https://www.livemint.com/news/india/apple-saket-vs-apple-bkc-5-key-differences-between-the-two-stores-11681957690624.html
192,https://nypost.com/2023/04/19/ja-morant-less-grizzlies-beat-lakers-in-game-2-to-even-series/
193,https://www.livemint.com/news/india/ipl-2023-pbks-vs-rcb-will-virat-kohli-lead-orange-cap-race-today-match-preview-key-players-where-and-when-to-watch-11681967333608.html
194,https://www.livemint.com/news/india/india-sees-another-rise-in-infections-with-12-591-new-covid-in-24-hrs-11681963142096.html
195,https://www.mirror.co.uk/3am/us-celebrity-news/breaking-frank-ocean-pulls-out-29758485
196,https://www.livemint.com/news/india/sachin-jokes-about-arjun-tendulkar-s-maiden-ipl-wicket-gives-mi-player-of-the-match-award-to-son-11681969769770.html
197,https://nypost.com/2023/04/19/manhattan-da-investigating-parking-garage-collapse-caused-by-too-many-cars-on-98-year-old-buildings-top-floor/
198,https://www.mirror.co.uk/3am/celebrity-news/live-paul-ogrady-funeral-fans-29758630
199,https://www.npr.org/2023/04/20/1170986176/solar-eclipse-australia-indonesia
200,https://www.cnbc.com/2023/04/20/what-ukraines-declining-grain-production-means-for-global-food-trade.html
201,https://www.livemint.com/news/india/apple-saket-vs-apple-bkc-5-key-differences-between-the-two-stores-11681957690624.html
202,https://nypost.com/2023/04/19/ja-morant-less-grizzlies-beat-lakers-in-game-2-to-even-series/
203,https://www.livemint.com/news/india/ipl-2023-pbks-vs-rcb-will-virat-kohli-lead-orange-cap-race-today-match-preview-key-players-where-and-when-to-watch-11681967333608.html
204,https://www.livemint.com/news/india/india-sees-another-rise-in-infections-with-12-591-new-covid-in-24-hrs-11681963142096.html
205,https://www.mirror.co.uk/3am/us-celebrity-news/breaking-frank-ocean-pulls-out-29758485
206,https://www.livemint.com/news/india/sachin-jokes-about-arjun-tendulkar-s-maiden-ipl-wicket-gives-mi-player-of-the-match-award-to-son-11681969769770.html
207,https://nypost.com/2023/04/19/manhattan-da-investigating-parking-garage-collapse-caused-by-too-many-cars-on-98-year-old-buildings-top-floor/
208,https://www.mirror.co.uk/3am/celebrity-news/live-paul-ogrady-funeral-fans-29758630
209,https://www.npr.org/2023/04/20/1170986176/solar-eclipse-australia-indonesia
210,https://www.cnbc.com/2023/04/20/what-ukraines-declining-grain-production-means-for-global-food-trade.html
211,https://www.livemint.com/news/india/apple-saket-vs-apple-bkc-5-key-differences-between-the-two-stores-11681957690624.html
212,https://nypost.com/2023/04/19/ja-morant-less-grizzlies-beat-lakers-in-game-2-to-even-series/
213,https://www.livemint.com/news/india/ipl-2023-pbks-vs-rcb-will-virat-kohli-lead-orange-cap-race-today-match-preview-key-players-where-and-when-to-watch-11681967333608.html
214,https://www.livemint.com/news/india/india-sees-another-rise-in-infections-with-12-591-new-covid-in-24-hrs-11681963142096.html
215,https://www.mirror.co.uk/3am/us-celebrity-news/breaking-frank-ocean-pulls-out-29758485
216,https://www.livemint.com/news/india/sachin-jokes-about-arjun-tendulkar-s-maiden-ipl-wicket-gives-mi-player-of-the-match-award-to-son-11681969769770.html
217,https://nypost.com/2023/04/19/manhattan-da-investigating-parking-garage-collapse-caused-by-too-many-cars-on-98-year-old-buildings-top-floor/
218,https://www.mirror.co.uk/3am/celebrity-news/live-paul-ogrady-funeral-fans-29758630
219,https://www.npr.org/2023/04/20/1170986176/solar-eclipse-australia-indonesia
220,https://www.cnbc.com/2023/04/20/what-ukraines-declining-grain-production-means-for-global-food-trade.html
221,https://www.livemint.com/news/india/apple-saket-vs-apple-bkc-5-key-differences-between-the-two-stores-11681957690624.html
222,https://nypost.com/2023/04/19/ja-morant-less-grizzlies-beat-lakers-in-game-2-to-even-series/
223,https://www.livemint.com/news/india/ipl-2023-pbks-vs-rcb-will-virat-kohli-lead-orange-cap-race-today-match-preview-key-players-where-and-when-to-watch-11681967333608.html
224,https://www.livemint.com/news/india/india-sees-another-rise-in-infections-with-12-591-new-covid-in-24-hrs-11681963142096.html
225,https://www.mirror.co.uk/3am/us-celebrity-news/breaking-frank-ocean-pulls-out-29758485
226,https://www.livemint.com/news/india/sachin-jokes-about-arjun-tendulkar-s-maiden-ipl-wicket-gives-mi-player-of-the-match-award-to-son-11681969769770.html
227,https://nypost.com/2023/04/19/manhattan-da-investigating-parking-garage-collapse-caused-by-too-many-cars-on-98-year-old-buildings-top-floor/
228,https://www.mirror.co.uk/3am/celebrity-news/live-paul-ogrady-funeral-fans-29758630
229,https://www.npr.org/2023/04/20/1170986176/solar-eclipse-australia-indonesia
230,https://www.cnbc.com/2023/04/20/what-ukraines-declining-grain-production-means-for-global-food-trade.html
231,https://www.livemint.com/news/india/apple-saket-vs-apple-bkc-5-key-differences-between-the-two-stores-11681957690624.html
232,https://nypost.com/2023/04/19/ja-morant-less-grizzlies-beat-lakers-in-game-2-to-even-series/
233,https://www.livemint.com/news/india/ipl-2023-pbks-vs-rcb-will-virat-kohli-lead-orange-cap-race-today-match-preview-key-players-where-and-when-to-watch-11681967333608.html
234,https://www.livemint.com/news/india/india-sees-another-rise-in-infections-with-12-591-new-covid-in-24-hrs-11681963142096.html
235,https://www.mirror.co.uk/3am/us-celebrity-news/breaking-frank-ocean-pulls-out-29758485
236,https://www.livemint.com/news/india/sachin-jokes-about-arjun-tendulkar-s-maiden-ipl-wicket-gives-mi-player-of-the-match-award-to-son-11681969769770.html
237,https://nypost.com/2023/04/19/manhattan-da-investigating-parking-garage-collapse-caused-by-too-many-cars-on-98-year-old-buildings-top-floor/
238,https://www.mirror.co.uk/3am/celebrity-news/live-paul-ogrady-funeral-fans-29758630
239,https://www.npr.org/2023/04/20/1170986176/solar-eclipse-australia-indonesia
240,https://www.cnbc.com/2023/04/20/what-ukraines-declining-grain-production-means-for-global-food-trade.html
241,https://www.livemint.com/news/india/apple-saket-vs-apple-bkc-5-key-differences-between-the-two-stores-11681957690624.html
242,https://nypost.com/2023/04/19/ja-morant-less-grizzlies-beat-lakers-in-game-2-to-even-series/
243,https://www.livemint.com/news/india/ipl-2023-pbks-vs-rcb-will-virat-kohli-lead-orange-cap-race-today-match-preview-key-players-where-and-when-to-watch-11681967333608.html
244,https://www.livemint.com/news/india/india-sees-another-rise-in-infections-with-12-591-new-covid-in-24-hrs-11681963142096.html
245,https://www.mirror.co.uk/3am/us-celebrity-news/breaking-frank-ocean-pulls-out-29758485
246,https://www.livemint.com/news/india/sachin-jokes-about-arjun-tendulkar-s-maiden-ipl-wicket-gives-mi-player-of-the-match-award-to-son-11681969769770.html
247,https://nypost.com/2023/04/19/manhattan-da-investigating-parking-garage-collapse-caused-by-too-many-cars-on-98-year-old-buildings-top-floor/
248,https://www.mirror.co.uk/3am/celebrity-news/live-paul-ogrady-funeral-fans-29758630
249,https://www.npr.org/2023/04/20/1170986176/solar-eclipse-australia-indonesia
250,https://www.cnbc.com/2023/04/20/what-ukraines-declining-grain-production-means-for-global-food-trade.html
251,https://www.livemint.com/news/india/apple-saket-vs-apple-bkc-5-key-differences-between-the-two-stores-11681957690624.html
252,https://nypost.com/2023/04/19/ja-morant-less-grizzlies-beat-lakers-in-game-2-to-even-series/
253,https://www.livemint.com/news/india/ipl-2023-pbks-vs-rcb-will-virat-kohli-lead-orange-cap-race-today-match-preview-key-players-where-and-when-to-watch-11681967333608.html
254,https://www.livemint.com/news/india/india-sees-another-rise-in-infections-with-12-591-new-covid-in-24-hrs-11681963142096.html
255,https://www.mirror.co.uk/3am/us-celebrity-news/breaking-frank-ocean-pulls-out-29758485
256,https://www.livemint.com/news/india/sachin-jokes-about-arjun-tendulkar-s-maiden-ipl-wicket-gives-mi-player-of-the-match-award-to-son-11681969769770.html
257,https://nypost.com/2023/04/19/manhattan-da-investigating-parking-garage-collapse-caused-by-too-many-cars-on-98-year-old-buildings-top-floor/
258,https://www.mirror.co.uk/3am/celebrity-news/live-paul-ogrady-funeral-fans-29758630
259,https://www.npr.org/2023/04/20/1170986176/solar-eclipse-australia-indonesia
260,https://www.cnbc.com/2023/04/20/what-ukraines-declining-grain-production-means-for-global-food-trade.html
261,https://www.livemint.com/news/india/apple-saket-vs-apple-bkc-5-key-differences-between-the-two-stores-11681957690624.html
262,https://nypost.com/2023/04/19/ja-morant-less-grizzlies-beat-lakers-in-game-2-to-even-series/
263,https://www.livemint.com/news/india/ipl-2023-pbks-vs-rcb-will-virat-kohli-lead-orange-cap-race-today-match-preview-key-players-where-and-when-to-watch-11681967333608.html
264,https://www.livemint.com/news/india/india-sees-another-rise-in-infections-with-12-591-new-covid-in-24-hrs-11681963142096.html
265,https://www.mirror.co.uk/3am/us-celebrity-news/breaking-frank-ocean-pulls-out-29758485
266,https://www.livemint.com/news/india/sachin-jokes-about-arjun-tendulkar-s-maiden-ipl-wicket-gives-mi-player-of-the-match-award-to-son-11681969769770.html
267,https://nypost.com/2023/04/19/manhattan-da-investigating-parking-garage-collapse-caused-by-too-many-cars-on-98-year-old-buildings-top-floor/
268,https://www.mirror.co.uk/3am/celebrity-news/live-paul-ogrady-funeral-fans-29758630
269,https://www.npr.org/2023/04/20/1170986176/solar-eclipse-australia-indonesia
270,https://www.cnbc.com/2023/04/20/what-ukraines-declining-grain-production-means-for-global-food-trade.html
271,https://www.livemint.com/news/india/apple-saket-vs-apple-bkc-5-key-differences-between-the-two-stores-11681957690624.html
272,https://nypost.com/2023/04/19/ja-morant-less-grizzlies-beat-lakers-in-game-2-to-even-series/
273,https://www.livemint.com/news/india/ipl-2023-pbks-vs-rcb-will-virat-kohli-lead-orange-cap-race-today-match-preview-key-players-where-and-when-to-watch-11681967333608.html
274,https://www.livemint.com/news/india/india-sees-another-rise-in-infections-with-12-591-new-covid-in-24-hrs-11681963142096.html
275,https://www.mirror.co.uk/3am/us-celebrity-news/breaking-frank-ocean-pulls-out-29758485
276,https://www.livemint.com/news/india/sachin-jokes-about-arjun-tendulkar-s-maiden-ipl-wicket-gives-mi-player-of-the-match-award-to-son-11681969769770.html
277,https://nypost.com/2023/04/19/manhattan-da-investigating-parking-garage-collapse-caused-by-too-many-cars-on-98-year-old-buildings-top-floor/
278,https://www.mirror.co.uk/3am/celebrity-news/live-paul-ogrady-funeral-fans-29758630
279,https://www.npr.org/2023/04/20/1170986176/solar-eclipse-australia-indonesia
280,https://www.cnbc.com/2023/04/20/what-ukraines-declining-grain-production-means-for-global-food-trade.html
281,https://www.livemint.com/news/india/apple-saket-vs-apple-bkc-5-key-differences-between-the-two-stores-11681957690624.html
282,https://nypost.com/2023/04/19/ja-morant-less-grizzlies-beat-lakers-in-game-2-to-even-series/
283,https://www.livemint.com/news/india/ipl-2023-pbks-vs-rcb-will-virat-kohli-lead-orange-cap-race-today-match-preview-key-players-where-and-when-to-watch-11681967333608.html
284,https://www.livemint.com/news/india/india-sees-another-rise-in-infections-with-12-591-new-covid-in-24-hrs-11681963142096.html
285,https://www.mirror.co.uk/3am/us-celebrity-news/breaking-frank-ocean-pulls-out-29758485
286,https://www.livemint.com/news/india/sachin-jokes-about-arjun-tendulkar-s-maiden-ipl-wicket-gives-mi-player-of-the-match-award-to-son-11681969769770.html
287,https://nypost.com/2023/04/19/manhattan-da-investigating-parking-garage-collapse-caused-by-too-many-cars-on-98-year-old-buildings-top-floor/
288,https://www.mirror.co.uk/3am/celebrity-news/live-paul-ogrady-funeral-fans-29758630
289,https://www.npr.org/2023/04/20/1170986176/solar-eclipse-australia-indonesia
290,https://www.cnbc.com/2023/04/20/what-ukraines-declining-grain-production-means-for-global-food-trade.html
291,https://www.livemint.com/news/india/apple-saket-vs-apple-bkc-5-key-differences-between-the-two-stores-11681957690624.html
292,https://nypost.com/2023/04/19/ja-morant-less-grizzlies-beat-lakers-in-game-2-to-even-series/
293,https://www.livemint.com/news/india/ipl-2023-pbks-vs-rcb-will-virat-kohli-lead-orange-cap-race-today-match-preview-key-players-where-and-when-to-watch-11681967333608.html
294,https://www.livemint.com/news/india/india-sees-another-rise-in-infections-with-12-591-new-covid-in-24-hrs-11681963142096.html
295,https://www.mirror.co.uk/3am/us-celebrity-news/breaking-frank-ocean-pulls-out-29758485
296,https://www.livemint.com/news/india/sachin-jokes-about-arjun-tendulkar-s-maiden-ipl-wicket-gives-mi-player-of-the-match-award-to-son-11681969769770.html
297,https://nypost.com/2023/04/19/manhattan-da-investigating-parking-garage-collapse-caused-by-too-many-cars-on-98-year-old-buildings-top-floor/
298,https://www.mirror.co.uk/3am/celebrity-news/live-paul-ogrady-funeral-fans-29758630
299,https://www.npr.org/2023/04/20/1170986176/solar-eclipse-australia-indonesia
300,https://www.cnbc.com/2023/04/20/what-ukraines-declining-grain-production-means-for-global-food-trade.html
301,https://www.livemint.com/news/india/apple-saket-vs-apple-bkc-5-key-differences-between-the-two-stores-11681957690624.html
302,https://nypost.com/2023/04/19/ja-morant-less-grizzlies-beat-lakers-in-game-2-to-even-series/
303,https://www.livemint.com/news/india/ipl-2023-pbks-vs-rcb-will-virat-kohli-lead-orange-cap-race-today-match-preview-key-players-where-and-when-to-watch-11681967333608.html
304,https://www.livemint.com/news/india/india-sees-another-rise-in-infections-with-12-591-new-covid-in-24-hrs-11681963142096.html
305,https://www.mirror.co.uk/3am/us-celebrity-news/breaking-frank-ocean-pulls-out-29758485
306,https://www.livemint.com/news/india/sachin-jokes-about-arjun-tendulkar-s-maiden-ipl-wicket-gives-mi-player-of-the-match-award-to-son-11681969769770.html
307,https://nypost.com/2023/04/19/manhattan-da-investigating-parking-garage-collapse-caused-by-too-many-cars-on-98-year-old-buildings-top-floor/
308,https://www.mirror.co.uk/3am/celebrity-news/live-paul-ogrady-funeral-fans-29758630
309,https://www.npr.org/2023/04/20/1170986176/solar-eclipse-australia-indonesia
310,https://www.cnbc.com/2023/04/20/what-ukraines-declining-grain-production-means-for-global-food-trade.html
311,https://www.livemint.com/news/india/apple-saket-vs-apple-bkc-5-key-differences-between-the-two-stores-11681957690624.html
312,https://nypost.com/2023/04/19/ja-morant-less-grizzlies-beat-lakers-in-game-2-to-even-series/
313,https://www.livemint.com/news/india/ipl-2023-pbks-vs-rcb-will-virat-kohli-lead-orange-cap-race-today-match-preview-key-players-where-and-when-to-watch-11681967333608.html
314,https://www.livemint.com/news/india/india-sees-another-rise-in-infections-with-12-591-new-covid-in-24-hrs-11681963142096.html
315,https://www.mirror.co.uk/3am/us-celebrity-news/breaking-frank-ocean-pulls-out-29758485
316,https://www.livemint.com/news/india/sachin-jokes-about-arjun-tendulkar-s-maiden-ipl-wicket-gives-mi-player-of-the-match-award-to-son-11681969769770.html
317,https://nypost.com/2023/04/19/manhattan-da-investigating-parking-garage-collapse-caused-by-too-many-cars-on-98-year-old-buildings-top-floor/
318,https://www.mirror.co.uk/3am/celebrity-news/live-paul-ogrady-funeral-fans-29758630
319,https://www.npr.org/2023/04/20/1170986176/solar-eclipse-australia-indonesia
320,https://www.cnbc.com/2023/04/20/what-ukraines-declining-grain-production-means-for-global-food-trade.html
321,https://www.livemint.com/news/india/apple-saket-vs-apple-bkc-5-key-differences-between-the-two-stores-11681957690624.html
322,https://nypost.com/2023/04/19/ja-morant-less-grizzlies-beat-lakers-in-game-2-to-even-series/
323,https://www.livemint.com/news/india/ipl-2023-pbks-vs-rcb-will-virat-kohli-lead-orange-cap-race-today-match-preview-key-players-where-and-when-to-watch-11681967333608.html
324,https://www.livemint.com/news/india/india-sees-another-rise-in-infections-with-12-591-new-covid-in-24-hrs-11681963142096.html
325,https://www.mirror.co.uk/3am/us-celebrity-news/breaking-frank-ocean-pulls-out-29758485
326,https://www.livemint.com/news/india/sachin-jokes-about-arjun-tendulkar-s-maiden-ipl-wicket-gives-mi-player-of-the-match-award-to-son-11681969769770.html
327,https://nypost.com/2023/04/19/manhattan-da-investigating-parking-garage-collapse-caused-by-too-many-cars-on-98-year-old-buildings-top-floor/
328,https://www.mirror.co.uk/3am/celebrity-news/live-paul-ogrady-funeral-fans-29758630
329,https://www.npr.org/2023/04/20/1170986176/solar-eclipse-australia-indonesia
330,https://www.cnbc.com/2023/04/20/what-ukraines-declining-grain-production-means-for-global-food-trade.html
331,https://www.livemint.com/news/india/apple-saket-vs-apple-bkc-5-key-differences-between-the-two-stores-11681957690624.html
332,https://nypost.com/2023/04/19/ja-morant-less-grizzlies-beat-lakers-in-game-2-to-even-series/
333,https://www.livemint.com/news/india/ipl-2023-pbks-vs-rcb-will-virat-kohli-lead-orange-cap-race-today-match-preview-key-players-where-and-when-to-watch-11681967333608.html
334,https://www.livemint.com/news/india/india-sees-another-rise-in-infections-with-12-591-new-covid-in-24-hrs-11681963142096.html
335,https://www.mirror.co.uk/3am/us-celebrity-news/breaking-frank-ocean-pulls-out-29758485
336,https://www.livemint.com/news/india/sachin-jokes-about-arjun-tendulkar-s-maiden-ipl-wicket-gives-mi-player-of-the-match-award-to-son-11681969769770.html
337,https://nypost.com/2023/04/19/manhattan-da-investigating-parking-garage-collapse-caused-by-too-many-cars-on-98-year-old-buildings-top-floor/
338,https://www.mirror.co.uk/3am/celebrity-news/live-paul-ogrady-funeral-fans-29758630
339,https://www.npr.org/2023/04/20/1170986176/solar-eclipse-australia-indonesia
340,https://www.cnbc.com/2023/04/20/what-ukraines-declining-grain-production-means-for-global-food-trade.html
341,https://www.livemint.com/news/india/apple-saket-vs-apple-bkc-5-key-differences-between-the-two-stores-11681957690624.html
342,https://nypost.com/2023/04/19/ja-morant-less-grizzlies-beat-lakers-in-game-2-to-even-series/
343,https://www.livemint.com/news/india/ipl-2023-pbks-vs-rcb-will-virat-kohli-lead-orange-cap-race-today-match-preview-key-players-where-and-when-to-watch-11681967333608.html
344,https://www.livemint.com/news/india/india-sees-another-rise-in-infections-with-12-591-new-covid-in-24-hrs-11681963142096.html
345,https://www.mirror.co.uk/3am/us-celebrity-news/breaking-frank-ocean-pulls-out-29758485
346,https://www.livemint.com/news/india/sachin-jokes-about-arjun-tendulkar-s-maiden-ipl-wicket-gives-mi-player-of-the-match-award-to-son-11681969769770.html
347,https://nypost.com/2023/04/19/manhattan-da-investigating-parking-garage-collapse-caused-by-too-many-cars-on-98-year-old-buildings-top-floor/
348,https://www.mirror.co.uk/3am/celebrity-news/live-paul-ogrady-funeral-fans-29758630
349,https://www.npr.org/2023/04/20/1170986176/solar-eclipse-australia-indonesia
350,https://www.cnbc.com/2023/04/20/what-ukraines-declining-grain-production-means-for-global-food-trade.html
351,https://www.livemint.com/news/india/apple-saket-vs-apple-bkc-5-key-differences-between-the-two-stores-11681957690624.html
352,https://nypost.com/2023/04/19/ja-morant-less-grizzlies-beat-lakers-in-game-2-to-even-series/
353,https://www.livemint.com/news/india/ipl-2023-pbks-vs-rcb-will-virat-kohli-lead-orange-cap-race-today-match-preview-key-players-where-and-when-to-watch-11681967333608.html
354,https://www.livemint.com/news/india/india-sees-another-rise-in-infections-with-12-591-new-covid-in-24-hrs-11681963142096.html
355,https://www.mirror.co.uk/3am/us-celebrity-news/breaking-frank-ocean-pulls-out-29758485
356,https://www.livemint.com/news/india/sachin-jokes-about-arjun-tendulkar-s-maiden-ipl-wicket-gives-mi-player-of-the-match-award-to-son-11681969769770.html
357,https://nypost.com/2023/04/19/manhattan-da-investigating-parking-garage-collapse-caused-by-too-many-cars-on-98-year-old-buildings-top-floor/
358,https://www.mirror.co.uk/3am/celebrity-news/live-paul-ogrady-funeral-fans-29758630
359,https://www.npr.org/2023/04/20/1170986176/solar-eclipse-australia-indonesia
360,https://www.cnbc.com/2023/04/20/what-ukraines-declining-grain-production-means-for-global-food-trade.html
361,https://www.livemint.com/news/india/apple-saket-vs-apple-bkc-5-key-differences-between-the-two-stores-11681957690624.html
362,https://nypost.com/2023/04/19/ja-morant-less-grizzlies-beat-lakers-in-game-2-to-even-series/
363,https://www.livemint.com/news/india/ipl-2023-pbks-vs-rcb-will-virat-kohli-lead-orange-cap-race-today-match-preview-key-players-where-and-when-to-watch-11681967333608.html
364,https://www.livemint.com/news/india/india-sees-another-rise-in-infections-with-12-591-new-covid-in-24-hrs-11681963142096.html
365,https://www.mirror.co.uk/3am/us-celebrity-news/breaking-frank-ocean-pulls-out-29758485
366,https://www.livemint.com/news/india/sachin-jokes-about-arjun-tendulkar-s-maiden-ipl-wicket-gives-mi-player-of-the-match-award-to-son-11681969769770.html
367,https://nypost.com/2023/04/19/manhattan-da-investigating-parking-garage-collapse-caused-by-too-many-cars-on-98-year-old-buildings-top-floor/
368,https://www.mirror.co.uk/3am/celebrity-news/live-paul-ogrady-funeral-fans-29758630
369,https://www.npr.org/2023/04/20/1170986176/solar-eclipse-australia-indonesia
370,https://www.cnbc.com/2023/04/20/what-ukraines-declining-grain-production-means-for-global-food-trade.html
371,https://www.livemint.com/news/india/apple-saket-vs-apple-bkc-5-key-differences-between-the-two-stores-11681957690624.html
372,https://nypost.com/2023/04/19/ja-morant-less-grizzlies-beat-lakers-in-game-2-to-even-series/
373,https://www.livemint.com/news/india/ipl-2023-pbks-vs-rcb-will-virat-kohli-lead-orange-cap-race-today-match-preview-key-players-where-and-when-to-watch-11681967333608.html
374,https://www.livemint.com/news/india/india-sees-another-rise-in-infections-with-12-591-new-covid-in-24-hrs-11681963142096.html
375,https://www.mirror.co.uk/3am/us-celebrity-news/breaking-frank-ocean-pulls-out-29758485
376,https://www.livemint.com/news/india/sachin-jokes-about-arjun-tendulkar-s-maiden-ipl-wicket-gives-mi-player-of-the-match-award-to-son-11681969769770.html
377,https://nypost.com/2023/04/19/manhattan-da-investigating-parking-garage-collapse-caused-by-too-many-cars-on-98-year-old-buildings-top-floor/
378,https://www.mirror.co.uk/3am/celebrity-news/live-paul-ogrady-funeral-fans-29758630
379,https://www.npr.org/2023/04/20/1170986176/solar-eclipse-australia-indonesia
380,https://www.cnbc.com/2023/04/20/what-ukraines-declining-grain-production-means-for-global-food-trade.html
381,https://www.livemint.com/news/india/apple-saket-vs-apple-bkc-5-key-differences-between-the-two-stores-11681957690624.html
382,https://nypost.com/2023/04/19/ja-morant-less-grizzlies-beat-lakers-in-game-2-to-even-series/
383,https://www.livemint.com/news/india/ipl-2023-pbks-vs-rcb-will-virat-kohli-lead-orange-cap-race-today-match-preview-key-players-where-and-when-to-watch-11681967333608.html
384,https://www.livemint.com/news/india/india-sees-another-rise-in-infections-with-12-591-new-covid-in-24-hrs-11681963142096.html
385,https://www.mirror.co.uk/3am/us-celebrity-news/breaking-frank-ocean-pulls-out-29758485
386,https://www.livemint.com/news/india/sachin-jokes-about-arjun-tendulkar-s-maiden-ipl-wicket-gives-mi-player-of-the-match-award-to-son-11681969769770.html
387,https://nypost.com/2023/04/19/manhattan-da-investigating-parking-garage-collapse-caused-by-too-many-cars-on-98-year-old-buildings-top-floor/
388,https://www.mirror.co.uk/3am/celebrity-news/live-paul-ogrady-funeral-fans-29758630
389,https://www.npr.org/2023/04/20/1170986176/solar-eclipse-australia-indonesia
390,https://www.cnbc.com/2023/04/20/what-ukraines-declining-grain-production-means-for-global-food-trade.html
391,https://www.livemint.com/news/india/apple-saket-vs-apple-bkc-5-key-differences-between-the-two-stores-11681957690624.html
392,https://nypost.com/2023/04/19/ja-morant-less-grizzlies-beat-lakers-in-game-2-to-even-series/
393,https://www.livemint.com/news/india/ipl-2023-pbks-vs-rcb-will-virat-kohli-lead-orange-cap-race-today-match-preview-key-players-where-and-when-to-watch-11681967333608.html
394,https://www.livemint.com/news/india/india-sees-another-rise-in-infections-with-12-591-new-covid-in-24-hrs-11681963142096.html
395,https://www.mirror.co.uk/3am/us-celebrity-news/breaking-frank-ocean-pulls-out-29758485
396,https://www.livemint.com/news/india/sachin-jokes-about-arjun-tendulkar-s-maiden-ipl-wicket-gives-mi-player-of-the-match-award-to-son-11681969769770.html
397,https://nypost.com/2023/04/19/manhattan-da-investigating-parking-garage-collapse-caused-by-too-many-cars-on-98-year-old-buildings-top-floor/
398,https://www.mirror.co.uk/3am/celebrity-news/live-paul-ogrady-funeral-fans-29758630
399,https://www.npr.org/2023/04/20/1170986176/solar-eclipse-australia-indonesia
400,https://www.cnbc.com/2023/04/20/what-ukraines-declining-grain-production-means-for-global-food-trade.html
401,https://www.livemint.com/news/india/apple-saket-vs-apple-bkc-5-key-differences-between-the-two-stores-11681957690624.html
402,https://nypost.com/2023/04/19/ja-morant-less-grizzlies-beat-lakers-in-game-2-to-even-series/
403,https://www.livemint.com/news/india/ipl-2023-pbks-vs-rcb-will-virat-kohli-lead-orange-cap-race-today-match-preview-key-players-where-and-when-to-watch-11681967333608.html
404,https://www.livemint.com/news/india/india-sees-another-rise-in-infections-with-12-591-new-covid-in-24-hrs-11681963142096.html
405,https://www.mirror.co.uk/3am/us-celebrity-news/breaking-frank-ocean-pulls-out-29758485
406,https://www.livemint.com/news/india/sachin-jokes-about-arjun-tendulkar-s-maiden-ipl-wicket-gives-mi-player-of-the-match-award-to-son-11681969769770.html
407,https://nypost.com/2023/04/19/manhattan-da-investigating-parking-garage-collapse-caused-by-too-many-cars-on-98-year-old-buildings-top-floor/
408,https://www.mirror.co.uk/3am/celebrity-news/live-paul-ogrady-funeral-fans-29758630
409,https://www.npr.org/2023/04/20/1170986176/solar-eclipse-australia-indonesia
410,https://www.cnbc.com/2023/04/20/what-ukraines-declining-grain-production-means-for-global-food-trade.html
411,https://www.livemint.com/news/india/apple-saket-vs-apple-bkc-5-key-differences-between-the-two-stores-11681957690624.html
412,https://nypost.com/2023/04/19/ja-morant-less-grizzlies-beat-lakers-in-game-2-to-even-series/
413,https://www.livemint.com/news/india/ipl-2023-pbks-vs-rcb-will-virat-kohli-lead-orange-cap-race-today-match-preview-key-players-where-and-when-to-watch-11681967333608.html
414,https://www.livemint.com/news/india/india-sees-another-rise-in-infections-with-12-591-new-covid-in-24-hrs-11681963142096.html
415,https://www.mirror.co.uk/3am/us-celebrity-news/breaking-frank-ocean-pulls-out-29758485
416,https://www.livemint.com/news/india/sachin-jokes-about-arjun-tendulkar-s-maiden-ipl-wicket-gives-mi-player-of-the-match-award-to-son-11681969769770.html
417,https://nypost.com/2023/04/19/manhattan-da-investigating-parking-garage-collapse-caused-by-too-many-cars-on-98-year-old-buildings-top-floor/
418,https://www.mirror.co.uk/3am/celebrity-news/live-paul-ogrady-funeral-fans-29758630
419,https://www.npr.org/2023/04/20/1170986176/solar-eclipse-australia-indonesia
420,https://www.cnbc.com/2023/04/20/what-ukraines-declining-grain-production-means-for-global-food-trade.html
421,https://www.livemint.com/news/india/apple-saket-vs-apple-bkc-5-key-differences-between-the-two-stores-11681957690624.html
422,https://nypost.com/2023/04/19/ja-morant-less-grizzlies-beat-lakers-in-game-2-to-even-series/
423,https://www.livemint.com/news/india/ipl-2023-pbks-vs-rcb-will-virat-kohli-lead-orange-cap-race-today-match-preview-key-players-where-and-when-to-watch-11681967333608.html
424,https://www.livemint.com/news/india/india-sees-another-rise-in-infections-with-12-591-new-covid-in-24-hrs-11681963142096.html
425,https://www.mirror.co.uk/3am/us-celebrity-news/breaking-frank-ocean-pulls-out-29758485
426,https://www.livemint.com/news/india/sachin-jokes-about-arjun-tendulkar-s-maiden-ipl-wicket-gives-mi-player-of-the-match-award-to-son-11681969769770.html
427,https://nypost.com/2023/04/19/manhattan-da-investigating-parking-garage-collapse-caused-by-too-many-cars-on-98-year-old-buildings-top-floor/
428,https://www.mirror.co.uk/3am/celebrity-news/live-paul-ogrady-funeral-fans-29758630
429,https://www.npr.org/2023/04/20/1170986176/solar-eclipse-australia-indonesia
430,https://www.cnbc.com/2023/04/20/what-ukraines-declining-grain-production-means-for-global-food-trade.html
431,https://www.livemint.com/news/india/apple-saket-vs-apple-bkc-5-key-differences-between-the-two-stores-11681957690624.html
432,https://nypost.com/2023/04/19/ja-morant-less-grizzlies-beat-lakers-in-game-2-to-even-series/
433,https://www.livemint.com/news/india/ipl-2023-pbks-vs-rcb-will-virat-kohli-lead-orange-cap-race-today-match-preview-key-players-where-and-when-to-watch-11681967333608.html
434,https://www.livemint.com/news/india/india-sees-another-rise-in-infections-with-12-591-new-covid-in-24-hrs-11681963142096.html
435,https://www.mirror.co.uk/3am/us-celebrity-news/breaking-frank-ocean-pulls-out-29758485
436,https://www.livemint.com/news/india/sachin-jokes-about-arjun-tendulkar-s-maiden-ipl-wicket-gives-mi-player-of-the-match-award-to-son-11681969769770.html
437,https://nypost.com/2023/04/19/manhattan-da-investigating-parking-garage-collapse-caused-by-too-many-cars-on-98-year-old-buildings-top-floor/
438,https://www.mirror.co.uk/3am/celebrity-news/live-paul-ogrady-funeral-fans-29758630
439,https://www.npr.org/2023/04/20/1170986176/solar-eclipse-australia-indonesia
440,https://www.cnbc.com/2023/04/20/what-ukraines-declining-grain-production-means-for-global-food-trade.html
441,https://www.livemint.com/news/india/apple-saket-vs-apple-bkc-5-key-differences-between-the-two-stores-11681957690624.html
442,https://nypost.com/2023/04/19/ja-morant-less-grizzlies-beat-lakers-in-game-2-to-even-series/
443,https://www.livemint.com/news/india/ipl-2023-pbks-vs-rcb-will-virat-kohli-lead-orange-cap-race-today-match-preview-key-players-where-and-when-to-watch-11681967333608.html
444,https://www.livemint.com/news/india/india-sees-another-rise-in-infections-with-12-591-new-covid-in-24-hrs-11681963142096.html
445,https://www.mirror.co.uk/3am/us-celebrity-news/breaking-frank-ocean-pulls-out-29758485
446,https://www.livemint.com/news/india/sachin-jokes-about-arjun-tendulkar-s-maiden-ipl-wicket-gives-mi-player-of-the-match-award-to-son-11681969769770.html
447,https://nypost.com/2023/04/19/manhattan-da-investigating-parking-garage-collapse-caused-by-too-many-cars-on-98-year-old-buildings-top-floor/
448,https://www.mirror.co.uk/3am/celebrity-news/live-paul-ogrady-funeral-fans-29758630
449,https://www.npr.org/2023/04/20/1170986176/solar-eclipse-australia-indonesia
450,https://www.cnbc.com/2023/04/20/what-ukraines-declining-grain-production-means-for-global-food-trade.html
451,https://www.livemint.com/news/india/apple-saket-vs-apple-bkc-5-key-differences-between-the-two-stores-11681957690624.html
452,https://nypost.com/2023/04/19/ja-morant-less-grizzlies-beat-lakers-in-game-2-to-even-series/
453,https://www.livemint.com/news/india/ipl-2023-pbks-vs-rcb-will-virat-kohli-lead-orange-cap-race-today-match-preview-key-players-where-and-when-to-watch-11681967333608.html
454,https://www.livemint.com/news/india/india-sees-another-rise-in-infections-with-12-591-new-covid-in-24-hrs-11681963142096.html
455,https://www.mirror.co.uk/3am/us-celebrity-news/breaking-frank-ocean-pulls-out-29758485
456,https://www.livemint.com/news/india/sachin-jokes-about-arjun-tendulkar-s-maiden-ipl-wicket-gives-mi-player-of-the-match-award-to-son-11681969769770.html
457,https://nypost.com/2023/04/19/manhattan-da-investigating-parking-garage-collapse-caused-by-too-many-cars-on-98-year-old-buildings-top-floor/
458,https://www.mirror.co.uk/3am/celebrity-news/live-paul-ogrady-funeral-fans-29758630
459,https://www.npr.org/2023/04/20/1170986176/solar-eclipse-australia-indonesia
460,https://www.cnbc.com/2023/04/20/what-ukraines-declining-grain-production-means-for-global-food-trade.html
461,https://www.livemint.com/news/india/apple-saket-vs-apple-bkc-5-key-differences-between-the-two-stores-11681957690624.html
462,https://nypost.com/2023/04/19/ja-morant-less-grizzlies-beat-lakers-in-game-2-to-even-series/
463,https://www.livemint.com/news/india/ipl-2023-pbks-vs-rcb-will-virat-kohli-lead-orange-cap-race-today-match-preview-key-players-where-and-when-to-watch-11681967333608.html
464,https://www.livemint.com/news/india/india-sees-another-rise-in-infections-with-12-591-new-covid-in-24-hrs-11681963142096.html
465,https://www.mirror.co.uk/3am/us-celebrity-news/breaking-frank-ocean-pulls-out-29758485
466,https://www.livemint.com/news/india/sachin-jokes-about-arjun-tendulkar-s-maiden-ipl-wicket-gives-mi-player-of-the-match-award-to-son-11681969769770.html
467,https://nypost.com/2023/04/19/manhattan-da-investigating-parking-garage-collapse-caused-by-too-many-cars-on-98-year-old-buildings-top-floor/
468,https://www.mirror.co.uk/3am/celebrity-news/live-paul-ogrady-funeral-fans-29758630
469,https://www.npr.org/2023/04/20/1170986176/solar-eclipse-australia-indonesia
470,https://www.cnbc.com/2023/04/20/what-ukraines-declining-grain-production-means-for-global-food-trade.html
471,https://www.livemint.com/news/india/apple-saket-vs-apple-bkc-5-key-differences-between-the-two-stores-11681957690624.html
472,https://nypost.com/2023/04/19/ja-morant-less-grizzlies-beat-lakers-in-game-2-to-even-series/
473,https://www.livemint.com/news/india/ipl-2023-pbks-vs-rcb-will-virat-kohli-lead-orange-cap-race-today-match-preview-key-players-where-and-when-to-watch-11681967333608.html
474,https://www.livemint.com/news/india/india-sees-another-rise-in-infections-with-12-591-new-covid-in-24-hrs-11681963142096.html
475,https://www.mirror.co.uk/3am/us-celebrity-news/breaking-frank-ocean-pulls-out-29758485
476,https://www.livemint.com/news/india/sachin-jokes-about-arjun-tendulkar-s-maiden-ipl-wicket-gives-mi-player-of-the-match-award-to-son-11681969769770.html
477,https://nypost.com/2023/04/19/manhattan-da-investigating-parking-garage-collapse-caused-by-too-many-cars-on-98-year-old-buildings-top-floor/
478,https://www.mirror.co.uk/3am/celebrity-news/live-paul-ogrady-funeral-fans-29758630
479,https://www.npr.org/2023/04/20/1170986176/solar-eclipse-australia-indonesia
480,https://www.cnbc.com/2023/04/20/what-ukraines-declining-grain-production-means-for-global-food-trade.html
481,https://www.livemint.com/news/india/apple-saket-vs-apple-bkc-5-key-differences-between-the-two-stores-11681957690624.html
482,https://nypost.com/2023/04/19/ja-morant-less-grizzlies-beat-lakers-in-game-2-to-even-series/
483,https://www.livemint.com/news/india/ipl-2023-pbks-vs-rcb-will-virat-kohli-lead-orange-cap-race-today-match-preview-key-players-where-and-when-to-watch-11681967333608.html
484,https://www.livemint.com/news/india/india-sees-another-rise-in-infections-with-12-591-new-covid-in-24-hrs-11681963142096.html
485,https://www.mirror.co.uk/3am/us-celebrity-news/breaking-frank-ocean-pulls-out-29758485
486,https://www.livemint.com/news/india/sachin-jokes-about-arjun-tendulkar-s-maiden-ipl-wicket-gives-mi-player-of-the-match-award-to-son-11681969769770.html
487,https://nypost.com/2023/04/19/manhattan-da-investigating-parking-garage-collapse-caused-by-too-many-cars-on-98-year-old-buildings-top-floor/
488,https://www.mirror.co.uk/3am/celebrity-news/live-paul-ogrady-funeral-fans-29758630
489,https://www.npr.org/2023/04/20/1170986176/solar-eclipse-australia-indonesia
490,https://www.cnbc.com/2023/04/20/what-ukraines-declining-grain-production-means-for-global-food-trade.html
491,https://www.livemint.com/news/india/apple-saket-vs-apple-bkc-5-key-differences-between-the-two-stores-11681957690624.html
492,https://nypost.com/2023/04/19/ja-morant-less-grizzlies-beat-lakers-in-game-2-to-even-series/
493,https://www.livemint.com/news/india/ipl-2023-pbks-vs-rcb-will-virat-kohli-lead-orange-cap-race-today-match-preview-key-players-where-and-when-to-watch-11681967333608.html
494,https://www.livemint.com/news/india/india-sees-another-rise-in-infections-with-12-591-new-covid-in-24-hrs-11681963142096.html
495,https://www.mirror.co.uk/3am/us-celebrity-news/breaking-frank-ocean-pulls-out-29758485
496,https://www.livemint.com/news/india/sachin-jokes-about-arjun-tendulkar-s-maiden-ipl-wicket-gives-mi-player-of-the-match-award-to-son-11681969769770.html
497,https://nypost.com/2023/04/19/manhattan-da-investigating-parking-garage-collapse-caused-by-too-many-cars-on-98-year-old-buildings-top-floor/
498,https://www.mirror.co.uk/3am/celebrity-news/live-paul-ogrady-funeral-fans-29758630
499,https://www.npr.org/2023/04/20/1170986176/solar-eclipse-australia-indonesia
